period,avg_imports,change_from_baseline,pct_change
Baseline (2015-2017),40299.63180622222,0,0
Pre-Universal (Jan-Mar 2025),34219.406923999995,-6080.224882222225,-15.08754450030346
Section 301 (2018-2024),39603.290362261905,-696.3414439603148,-1.7279101886305583
Universal Tariffs (Apr-Aug 2025),23272.923433,-17026.70837322222,-42.2502827199362
