industry,avg_imports_Baseline,avg_imports_Section_301,avg_imports_Universal,pct_change_Baseline,pct_change_Section_301,pct_change_Universal
Appliances,84.99344108333334,114.80049028571429,99.6538820625,0,35.06982282686507,17.248908612598203
Transportation,40299.63180622222,39603.290362261905,27377.854742125,0,-1.7279101886305583,-32.064255887573914
