country,Aug_2025_Actual,Conservative,Moderate,Aggressive
Canada,29403.96792,29887.604203093128,29639.976495042178,30325.955586929096
China,25132.621489,25765.54757605123,26430.360962942912,26635.50966610141
Mexico,45146.257797,46908.69363783565,46667.68610069233,46699.03809530266
