Industry,Baseline,Avg_2025,Pct_Change,DiD_Estimate,P_Value
Transportation (FRED Total),40299.63180622222,27377.854742125,-32.064255887573914,-9994.872745117424,3.7688158188017386e-13
Appliances (HS 8418),84.99344108333334,99.6538820625,17.248908612598203,-3.2174147452594757,0.908385913623939
