industry,regime,avg_imports,pct_change
Appliances,Baseline,84.99344108333334,0
Appliances,Section_301,114.80049028571429,35.06982282686507
Appliances,Universal,99.6538820625,17.248908612598203
Transportation,Baseline,40299.63180622222,0
Transportation,Section_301,39603.290362261905,-1.7279101886305583
Transportation,Universal,27377.854742125,-32.064255887573914
