country,industry,baseline,avg_2025,pct_change
Canada,Appliances,21.124334175,30.56499416666667,44.69092333731113
Canada,Transportation,24252.508764055554,32475.001706125,33.90367991230638
China,Appliances,84.99344108333334,99.6538820625,17.248908612598203
China,Transportation,40299.63180622222,27377.854742125,-32.064255887573914
Mexico,Appliances,184.42307372058823,319.15635557142855,73.05662959233025
Mexico,Transportation,25072.240893888888,44361.867572125004,76.93618914988079
